[
  {
    "id": "79ed83be-ea97-48ea-8cb0-c290412d6509",
    "data": [
      {
        "text": "salutations",
        "userDefined": false
      }
    ],
    "isTemplate": false,
    "count": 0,
    "lang": "fr-fr",
    "updated": 0
  },
  {
    "id": "a5bd06ad-d958-460c-b968-dc841114790d",
    "data": [
      {
        "text": "rebonjour",
        "userDefined": false
      }
    ],
    "isTemplate": false,
    "count": 0,
    "lang": "fr-fr",
    "updated": 0
  },
  {
    "id": "47de8a7a-297b-4c16-a986-eb17fea214c5",
    "data": [
      {
        "text": "bonjour à toi",
        "userDefined": false
      }
    ],
    "isTemplate": false,
    "count": 0,
    "lang": "fr-fr",
    "updated": 0
  },
  {
    "id": "16951864-e746-4786-a041-8da4798c0bc0",
    "data": [
      {
        "text": "re bonjour",
        "userDefined": false
      }
    ],
    "isTemplate": false,
    "count": 0,
    "lang": "fr-fr",
    "updated": 0
  },
  {
    "id": "8d6c0df2-83c5-4d9b-b375-05d8bea33853",
    "data": [
      {
        "text": "allo",
        "userDefined": false
      }
    ],
    "isTemplate": false,
    "count": 0,
    "lang": "fr-fr",
    "updated": 0
  },
  {
    "id": "5ec899fe-af8d-44d7-af48-28c5185e241c",
    "data": [
      {
        "text": "coucou",
        "userDefined": false
      }
    ],
    "isTemplate": false,
    "count": 0,
    "lang": "fr-fr",
    "updated": 0
  },
  {
    "id": "dd5e71b1-0fcb-4fe4-b2e2-f5db5351004b",
    "data": [
      {
        "text": "hey",
        "userDefined": false
      }
    ],
    "isTemplate": false,
    "count": 0,
    "lang": "fr-fr",
    "updated": 0
  },
  {
    "id": "377c60fa-df49-4ae7-8844-1cad63fb356a",
    "data": [
      {
        "text": "hé",
        "userDefined": false
      }
    ],
    "isTemplate": false,
    "count": 0,
    "lang": "fr-fr",
    "updated": 0
  },
  {
    "id": "bd4e3afa-d73a-490f-b339-05b978b5e8b3",
    "data": [
      {
        "text": "resalut",
        "userDefined": false
      }
    ],
    "isTemplate": false,
    "count": 0,
    "lang": "fr-fr",
    "updated": 0
  },
  {
    "id": "a7bd9932-2506-4dbb-a651-94147c30b1ad",
    "data": [
      {
        "text": "salut",
        "userDefined": false
      }
    ],
    "isTemplate": false,
    "count": 0,
    "lang": "fr-fr",
    "updated": 0
  },
  {
    "id": "082bd32d-95c7-4144-92d7-32995a97ba5f",
    "data": [
      {
        "text": "re salut",
        "userDefined": false
      }
    ],
    "isTemplate": false,
    "count": 0,
    "lang": "fr-fr",
    "updated": 0
  },
  {
    "id": "267fd8e6-0d1a-4e00-a551-f173b02ff219",
    "data": [
      {
        "text": "salut à tous",
        "userDefined": false
      }
    ],
    "isTemplate": false,
    "count": 0,
    "lang": "fr-fr",
    "updated": 0
  },
  {
    "id": "ce2f146c-659c-4a62-9a50-74107329c6df",
    "data": [
      {
        "text": "bonjour",
        "userDefined": false
      }
    ],
    "isTemplate": false,
    "count": 0,
    "lang": "fr-fr",
    "updated": 0
  }
]