[
  {
    "id": "89ccd461-db09-41e9-a352-4daac22b9f5e",
    "data": [
      {
        "text": "rewiew of ",
        "userDefined": false
      },
      {
        "text": "dish",
        "meta": "@DISH",
        "alias": "DISH",
        "userDefined": true
      }
    ],
    "isTemplate": false,
    "count": 0,
    "lang": "en",
    "updated": 0
  },
  {
    "id": "c0457984-7e69-4808-a4cf-c003e6148c86",
    "data": [
      {
        "text": "show me the rewiev of ",
        "userDefined": false
      },
      {
        "text": "dish",
        "meta": "@DISH",
        "alias": "DISH",
        "userDefined": true
      }
    ],
    "isTemplate": false,
    "count": 0,
    "lang": "en",
    "updated": 0
  },
  {
    "id": "072af731-eca5-4e86-a876-b38a09e49694",
    "data": [
      {
        "text": "what is the rewiew for ",
        "userDefined": false
      },
      {
        "text": "dish",
        "meta": "@DISH",
        "alias": "DISH",
        "userDefined": true
      }
    ],
    "isTemplate": false,
    "count": 0,
    "lang": "en",
    "updated": 0
  },
  {
    "id": "423a67f2-ffeb-47f8-9e07-5eee8665d613",
    "data": [
      {
        "text": "dish",
        "meta": "@DISH",
        "alias": "DISH",
        "userDefined": true
      }
    ],
    "isTemplate": false,
    "count": 0,
    "lang": "en",
    "updated": 0
  }
]